Latitude, Longitude, Altitude
5.5578513, 95.3118130, 7.9
5.5578518, 95.3118130, 7.9
5.5578513, 95.3118130, 7.9
5.5578489, 95.3118130, 8.0
5.5578446, 95.3118210, 8.1
5.5578389, 95.3118290, 7.9
5.5578341, 95.3118440, 7.6
5.5578279, 95.3118520, 7.6
5.5578222, 95.3118590, 7.7
5.5578160, 95.3118670, 7.4
5.5578098, 95.3118740, 6.8
5.5578051, 95.3118900, 6.4
5.5578003, 95.3118900, 6.3
5.5577955, 95.3118970, 6.1
5.5577912, 95.3119130, 5.9
5.5577855, 95.3119200, 5.7
5.5577803, 95.3119280, 5.1
5.5577750, 95.3119350, 4.7
5.5577631, 95.3119510, 4.1
5.5577598, 95.3119580, 3.8
5.5577555, 95.3119660, 4.0
5.5577502, 95.3119810, 3.8
5.5577426, 95.3119890, 3.9
5.5577354, 95.3120040, 3.9
5.5577297, 95.3120120, 4.2
5.5577269, 95.3120270, 4.3
5.5577207, 95.3120420, 4.3
5.5577145, 95.3120500, 4.5
5.5577106, 95.3120650, 4.7
5.5577073, 95.3120730, 4.6
5.5577025, 95.3120880, 4.3
5.5576978, 95.3120960, 4.5
5.5576940, 95.3121110, 4.8
5.5576897, 95.3121260, 4.7
5.5576844, 95.3121340, 4.6
5.5576787, 95.3121490, 4.6
5.5576739, 95.3121640, 4.9
5.5576663, 95.3121720, 5.1
5.5576596, 95.3121800, 5.1
5.5576525, 95.3121870, 5.0
5.5576453, 95.3122020, 5.0
5.5576386, 95.3122020, 4.7
5.5576305, 95.3122180, 4.7
5.5576239, 95.3122330, 4.3
5.5576196, 95.3122410, 4.2
5.5576138, 95.3122560, 4.7
5.5576067, 95.3122710, 4.7
5.5576015, 95.3122860, 5.6
5.5575953, 95.3122940, 6.2
5.5575895, 95.3123090, 6.2
5.5575871, 95.3123250, 6.2
5.5575814, 95.3123250, 5.9
5.5575757, 95.3123400, 5.9
5.5575700, 95.3123550, 5.7
5.5575643, 95.3123630, 5.9
5.5575566, 95.3123780, 5.8
5.5575514, 95.3123930, 5.9
5.5575452, 95.3124010, 6.2
5.5575390, 95.3124010, 5.7
5.5575337, 95.3124080, 4.8
5.5575233, 95.3124390, 5.2
5.5575190, 95.3124540, 5.1
5.5575137, 95.3124690, 5.3
5.5575075, 95.3124770, 5.3
5.5575042, 95.3124850, 5.1
5.5574985, 95.3125000, 5.3
5.5574927, 95.3125150, 5.2
5.5574884, 95.3125230, 4.9
5.5574832, 95.3125310, 5.2
5.5574780, 95.3125460, 5.1
5.5574722, 95.3125530, 5.1
5.5574651, 95.3125610, 4.9
5.5574608, 95.3125760, 4.8
5.5574570, 95.3125840, 4.7
5.5574560, 95.3125990, 4.6
5.5574503, 95.3126070, 4.6
5.5574441, 95.3126140, 4.6
5.5574384, 95.3126300, 4.3
5.5574312, 95.3126370, 4.1
5.5574255, 95.3126450, 4.0
5.5574203, 95.3126530, 3.6
5.5574179, 95.3126680, 3.7
5.5574131, 95.3126750, 3.6
5.5574064, 95.3126830, 3.0
5.5573993, 95.3126910, 2.7
5.5573955, 95.3127060, 2.9
5.5573893, 95.3127210, 3.0
5.5573840, 95.3127290, 3.1
5.5573792, 95.3127370, 3.2
5.5573750, 95.3127520, 2.6
5.5573692, 95.3127590, 2.6
5.5573626, 95.3127670, 2.2
5.5573583, 95.3127750, 2.0
5.5573516, 95.3127750, 1.8
5.5573440, 95.3127820, 1.6
5.5573382, 95.3127900, 1.3
5.5573301, 95.3127980, 1.2
5.5573263, 95.3128130, 1.0
5.5573206, 95.3128360, 1.7
5.5573068, 95.3128430, 2.2
5.5573010, 95.3128590, 2.9
5.5572953, 95.3128660, 3.0
5.5572910, 95.3128740, 3.0
5.5572863, 95.3128810, 2.6
5.5572805, 95.3128890, 2.4
5.5572753, 95.3129040, 2.2
5.5572691, 95.3129120, 2.0
5.5572624, 95.3129200, 1.9
5.5572548, 95.3129350, 1.7
5.5572505, 95.3129500, 1.6
5.5572476, 95.3129650, 1.8
5.5572400, 95.3129730, 2.4
5.5572329, 95.3129880, 2.4
5.5572257, 95.3129960, 2.3
5.5572176, 95.3130040, 2.6
5.5572124, 95.3130260, 2.4
5.5572081, 95.3130420, 2.8
5.5572019, 95.3130570, 4.0
5.5571966, 95.3130800, 4.5
5.5571885, 95.3130870, 5.0
5.5571804, 95.3131030, 5.5
5.5571761, 95.3131100, 6.0
5.5571733, 95.3131180, 6.1
5.5571728, 95.3131180, 6.0
5.5571709, 95.3131180, 6.0
5.5571671, 95.3131260, 6.6
5.5571647, 95.3131330, 6.9
5.5571623, 95.3131330, 7.2
5.5571618, 95.3131330, 7.2
5.5571604, 95.3131330, 7.3
5.5571566, 95.3131480, 7.3
5.5571527, 95.3131560, 7.4
5.5571508, 95.3131710, 7.4
5.5571513, 95.3131940, 8.0
5.5571513, 95.3131940, 8.2
5.5571475, 95.3132020, 9.3
5.5571399, 95.3132170, 8.9
5.5571327, 95.3132320, 9.0
5.5571251, 95.3132400, 8.5
5.5571146, 95.3132400, 8.5
5.5571060, 95.3132550, 8.8
5.5570989, 95.3132710, 8.7
5.5570931, 95.3132780, 8.7
5.5570869, 95.3132860, 8.4
5.5570812, 95.3132930, 8.1
5.5570769, 95.3133090, 8.0
5.5570722, 95.3133160, 8.0
5.5570660, 95.3133320, 8.0
5.5570612, 95.3133470, 8.3
5.5570550, 95.3133540, 8.3
5.5570507, 95.3133540, 7.9
5.5570455, 95.3133700, 7.4
5.5570383, 95.3133770, 7.2
5.5570307, 95.3133930, 7.0
5.5570226, 95.3133930, 6.9
5.5570159, 95.3134000, 6.9
5.5570064, 95.3134160, 6.9
5.5569983, 95.3134230, 6.9
5.5569906, 95.3134310, 6.9
5.5569830, 95.3134380, 6.4
5.5569758, 95.3134460, 6.1
5.5569677, 95.3134540, 6.4
5.5569611, 95.3134610, 6.3
5.5569568, 95.3134610, 5.5
5.5569510, 95.3134690, 4.4
5.5569453, 95.3134770, 3.6
5.5569406, 95.3134770, 3.0
5.5569363, 95.3134920, 3.4
5.5569320, 95.3135070, 3.7
5.5569272, 95.3135220, 4.5
5.5569210, 95.3135300, 5.0
5.5569153, 95.3135450, 5.4
5.5569096, 95.3135600, 5.1
5.5569043, 95.3135760, 5.6
5.5568938, 95.3135990, 5.8
5.5568876, 95.3136140, 5.7
5.5568810, 95.3136290, 6.3
5.5568748, 95.3136370, 6.3
5.5568681, 95.3136440, 6.2
5.5568619, 95.3136600, 5.9
5.5568566, 95.3136670, 5.6
5.5568519, 95.3136750, 5.6
5.5568490, 95.3136830, 5.1
5.5568466, 95.3137050, 4.8
5.5568442, 95.3137130, 5.1
5.5568452, 95.3137360, 5.4
5.5568438, 95.3137510, 5.6
5.5568409, 95.3137590, 6.1
5.5568357, 95.3137660, 6.6
5.5568295, 95.3137820, 6.7
5.5568247, 95.3137890, 7.0
5.5568213, 95.3137970, 7.2
5.5568161, 95.3137970, 7.2
5.5568080, 95.3138120, 7.2
5.5567985, 95.3138200, 7.6
5.5567923, 95.3138350, 7.6
5.5567851, 95.3138430, 7.8
5.5567846, 95.3138500, 8.0
5.5567794, 95.3138660, 7.9
5.5567737, 95.3138730, 7.8
5.5567703, 95.3138890, 8.0
5.5567689, 95.3138960, 7.5
5.5567641, 95.3139110, 7.2
5.5567603, 95.3139190, 7.0
5.5567570, 95.3139270, 6.7
5.5567532, 95.3139420, 6.4
5.5567517, 95.3139500, 5.9
5.5567479, 95.3139650, 5.5
5.5567417, 95.3139800, 5.6
5.5567374, 95.3139880, 5.5
5.5567336, 95.3139950, 5.3
5.5567312, 95.3140110, 5.5
5.5567279, 95.3140260, 5.7
5.5567169, 95.3140490, 6.0
5.5567112, 95.3140640, 6.0
5.5567055, 95.3140720, 6.2
5.5566955, 95.3140870, 6.1
5.5566893, 95.3141020, 6.8
5.5566840, 95.3141100, 6.7
5.5566759, 95.3141330, 6.7
5.5566707, 95.3141400, 7.1
5.5566669, 95.3141480, 7.2
5.5566640, 95.3141560, 7.1
5.5566573, 95.3141630, 7.0
5.5566497, 95.3141780, 6.9
5.5566406, 95.3141940, 7.5
5.5566335, 95.3142010, 7.6
5.5566249, 95.3142090, 7.9
5.5566216, 95.3142240, 7.9
5.5566187, 95.3142320, 7.7
5.5566111, 95.3142400, 7.5
5.5566082, 95.3142550, 7.7
5.5566063, 95.3142700, 7.5
5.5566010, 95.3142780, 7.3
5.5565944, 95.3142850, 6.9
5.5565882, 95.3143080, 6.7
5.5565710, 95.3143080, 6.8
5.5565615, 95.3143230, 8.0
5.5565543, 95.3143390, 8.1
5.5565472, 95.3143460, 8.1
5.5565386, 95.3143540, 8.2
5.5565295, 95.3143620, 8.3
5.5565214, 95.3143770, 8.6
5.5565085, 95.3143840, 8.9
5.5565000, 95.3143920, 9.8
5.5564919, 95.3144070, 10.1
5.5564866, 95.3144230, 10.6
5.5564809, 95.3144300, 10.7
5.5564775, 95.3144380, 10.7
5.5564704, 95.3144530, 10.6
5.5564561, 95.3144680, 11.1
5.5564504, 95.3144760, 11.1
5.5564461, 95.3144910, 10.9
5.5564394, 95.3145070, 11.0
5.5564308, 95.3145140, 11.0
5.5564222, 95.3145290, 11.3
5.5564137, 95.3145370, 11.6
5.5564027, 95.3145450, 11.7
5.5563931, 95.3145600, 12.6
5.5563855, 95.3145750, 12.9
5.5563745, 95.3145830, 13.2
5.5563650, 95.3145900, 14.1
5.5563569, 95.3146060, 14.7
5.5563483, 95.3146130, 14.8
5.5563440, 95.3146290, 14.8
5.5563369, 95.3146290, 15.0
5.5563345, 95.3146440, 15.1
5.5563269, 95.3146590, 14.1
5.5563135, 95.3146670, 13.8
5.5563073, 95.3146740, 14.2
5.5563040, 95.3146900, 14.4
5.5562992, 95.3146970, 14.1
5.5562935, 95.3147050, 13.9
5.5562873, 95.3147200, 13.6
5.5562806, 95.3147280, 13.8
5.5562778, 95.3147430, 13.6
5.5562720, 95.3147510, 13.2
5.5562649, 95.3147580, 13.1
5.5562553, 95.3147660, 12.5
5.5562487, 95.3147740, 12.4
5.5562391, 95.3147890, 11.9
5.5562320, 95.3147960, 12.2
5.5562263, 95.3148040, 12.4
5.5562243, 95.3148190, 12.2
5.5562234, 95.3148270, 11.2
5.5562191, 95.3148270, 10.2
5.5562158, 95.3148420, 9.9
5.5562091, 95.3148500, 9.8
5.5562038, 95.3148650, 9.6
5.5561957, 95.3148650, 8.6
5.5561914, 95.3148650, 7.5
5.5561843, 95.3148800, 6.6
5.5561757, 95.3148880, 6.2
5.5561709, 95.3149030, 6.7
5.5561690, 95.3149190, 6.9
5.5561695, 95.3149410, 7.2
5.5561671, 95.3149490, 7.1
5.5561619, 95.3149640, 7.2
5.5561566, 95.3149800, 7.1
5.5561543, 95.3149870, 7.0
5.5561495, 95.3149950, 6.5
5.5561447, 95.3150100, 6.3
5.5561423, 95.3150250, 6.2
5.5561404, 95.3150250, 6.1
5.5561385, 95.3150480, 6.0
5.5561385, 95.3150560, 6.2
5.5561399, 95.3150630, 6.3
5.5561404, 95.3150710, 6.3
5.5561433, 95.3150790, 6.4
5.5561471, 95.3150860, 6.2
5.5561519, 95.3151020, 6.2
5.5561614, 95.3151020, 6.2
5.5561690, 95.3151020, 5.8
5.5561771, 95.3151020, 6.3
5.5561814, 95.3151090, 6.5
5.5561776, 95.3151170, 7.7
5.5561743, 95.3151170, 8.7
5.5561719, 95.3151170, 8.8
5.5561709, 95.3151250, 8.5
5.5561743, 95.3151250, 9.0
5.5561762, 95.3151320, 9.3
5.5561748, 95.3151320, 9.5
5.5561767, 95.3151400, 9.9
5.5561790, 95.3151400, 10.3
5.5561814, 95.3151400, 10.6
5.5561838, 95.3151470, 11.2
5.5561867, 95.3151550, 11.6
5.5561891, 95.3151630, 12.4
5.5561900, 95.3151630, 12.7
5.5561914, 95.3151630, 12.9
5.5561924, 95.3151630, 12.7
5.5561929, 95.3151630, 13.1
5.5561938, 95.3151630, 13.1
5.5561943, 95.3151630, 13.1
5.5561962, 95.3151630, 12.2
5.5561967, 95.3151550, 10.6
5.5561976, 95.3151550, 10.3
5.5561976, 95.3151550, 9.7
5.5562005, 95.3151550, 9.5
5.5562015, 95.3151550, 7.7
5.5562029, 95.3151630, 7.3
5.5562053, 95.3151630, 7.2
5.5562067, 95.3151630, 5.9
5.5562081, 95.3151630, 5.4
5.5562091, 95.3151630, 5.1
5.5562091, 95.3151630, 5.0
5.5562105, 95.3151630, 5.2
5.5562119, 95.3151630, 5.0
5.5562134, 95.3151630, 4.6
5.5562148, 95.3151630, 4.4
5.5562158, 95.3151630, 3.9
5.5562162, 95.3151630, 3.4
5.5562167, 95.3151630, 3.5
5.5562172, 95.3151630, 3.7
5.5562177, 95.3151630, 3.9
5.5562181, 95.3151630, 4.0
5.5562186, 95.3151630, 4.0
5.5562186, 95.3151630, 3.8
5.5562186, 95.3151550, 4.0
5.5562191, 95.3151550, 4.0
5.5562191, 95.3151550, 4.0
5.5562191, 95.3151550, 4.1
5.5562191, 95.3151550, 4.3
5.5562186, 95.3151550, 4.3
5.5562186, 95.3151630, 4.7
5.5562186, 95.3151630, 5.0
5.5562177, 95.3151700, 5.3
5.5562172, 95.3151700, 5.5
5.5562167, 95.3151700, 5.6
5.5562162, 95.3151700, 5.8
5.5562148, 95.3151700, 6.0
5.5562139, 95.3151700, 6.1
5.5562129, 95.3151700, 6.3
5.5562115, 95.3151700, 6.4
5.5562115, 95.3151780, 6.6
5.5562105, 95.3151780, 6.4
5.5562096, 95.3151860, 6.5
5.5562081, 95.3151860, 6.4
5.5562067, 95.3151860, 6.8
5.5562057, 95.3151860, 7.0
5.5562048, 95.3151860, 6.9
5.5562038, 95.3151860, 6.7
5.5562034, 95.3151860, 6.7
5.5562024, 95.3151860, 6.5
5.5562015, 95.3151860, 6.5
5.5562010, 95.3151930, 6.6
5.5562000, 95.3151930, 6.8
5.5562000, 95.3151930, 7.0
5.5561996, 95.3151930, 7.1
5.5561996, 95.3151930, 6.8
5.5561996, 95.3151930, 6.5
5.5561996, 95.3151930, 6.2
5.5561991, 95.3151930, 5.8
5.5561991, 95.3151930, 5.7
5.5561991, 95.3151860, 5.7
5.5561986, 95.3151860, 5.7
5.5561986, 95.3151860, 5.9
5.5561986, 95.3151860, 6.1
5.5561986, 95.3151860, 6.3
5.5561991, 95.3151860, 6.5
5.5561991, 95.3151860, 6.6
5.5561991, 95.3151860, 6.8
5.5561986, 95.3151860, 6.9
5.5561967, 95.3151860, 7.9
5.5561967, 95.3151780, 8.2
5.5561962, 95.3151780, 8.4
5.5561957, 95.3151780, 8.5
5.5561953, 95.3151700, 8.7
5.5561962, 95.3151700, 8.8
5.5561957, 95.3151700, 8.8
5.5561957, 95.3151700, 8.7
5.5561957, 95.3151700, 8.8
5.5561953, 95.3151630, 8.8
5.5561943, 95.3151630, 8.9
5.5561943, 95.3151630, 8.9
5.5561938, 95.3151630, 8.9
5.5561934, 95.3151630, 8.9
5.5561924, 95.3151630, 8.9
5.5561924, 95.3151630, 9.0
5.5561919, 95.3151700, 9.2
5.5561919, 95.3151630, 9.2
5.5561914, 95.3151700, 9.4
5.5561914, 95.3151700, 9.7
5.5561914, 95.3151700, 9.9
5.5561914, 95.3151700, 10.1
5.5561905, 95.3151700, 10.2
5.5561895, 95.3151700, 10.9
5.5561895, 95.3151700, 11.6
5.5561891, 95.3151780, 12.0
5.5561886, 95.3151780, 12.5
5.5561881, 95.3151780, 13.5
5.5561881, 95.3151780, 13.9
5.5561876, 95.3151780, 14.0
5.5561872, 95.3151780, 14.5
5.5561867, 95.3151700, 15.2
5.5561857, 95.3151700, 15.9
5.5561848, 95.3151630, 16.5
5.5561838, 95.3151630, 17.3
5.5561833, 95.3151630, 17.9
5.5561833, 95.3151630, 18.4
5.5561824, 95.3151630, 18.7
5.5561814, 95.3151630, 19.1
5.5561805, 95.3151550, 20.0
5.5561795, 95.3151550, 20.5
5.5561790, 95.3151550, 21.0
5.5561790, 95.3151550, 21.4
5.5561790, 95.3151550, 21.8
5.5561790, 95.3151550, 21.9
5.5561790, 95.3151550, 22.1
5.5561795, 95.3151630, 22.4
5.5561810, 95.3151630, 22.5
5.5561814, 95.3151700, 22.7
5.5561824, 95.3151700, 22.7
5.5561833, 95.3151780, 22.7
5.5561843, 95.3151860, 22.7
5.5561857, 95.3151860, 22.7
5.5561867, 95.3151930, 22.7
5.5561876, 95.3151930, 22.7
5.5561881, 95.3152010, 22.6
5.5561886, 95.3152010, 22.2
5.5561886, 95.3152010, 21.9
5.5561891, 95.3152010, 21.8
5.5561905, 95.3152010, 21.0
5.5561919, 95.3152080, 20.6
5.5561929, 95.3152080, 20.2
5.5561938, 95.3152080, 19.8
5.5561943, 95.3152080, 19.3
5.5561948, 95.3152080, 18.8
5.5561962, 95.3152080, 18.6
5.5561967, 95.3152080, 18.0
5.5561967, 95.3152080, 17.9
5.5561967, 95.3152080, 17.7
5.5561967, 95.3152160, 17.5
5.5561972, 95.3152160, 17.4
5.5561976, 95.3152080, 17.2
5.5561986, 95.3152080, 16.7
5.5561991, 95.3152080, 16.2
5.5562000, 95.3152080, 15.6
5.5562010, 95.3152080, 15.4
5.5561991, 95.3152010, 15.3
5.5562024, 95.3151930, 15.0
5.5562110, 95.3151930, 14.7
5.5562196, 95.3151930, 14.9
5.5562248, 95.3152010, 13.3
5.5562286, 95.3151930, 13.5
5.5562305, 95.3152010, 12.3
5.5562315, 95.3151930, 11.7
5.5562320, 95.3151860, 11.0
5.5562334, 95.3151860, 10.1
5.5562344, 95.3151860, 9.7
5.5562348, 95.3151860, 9.6
5.5562358, 95.3151860, 9.4
5.5562363, 95.3151860, 9.2
5.5562363, 95.3151860, 9.1
5.5562372, 95.3151860, 9.2
5.5562387, 95.3151860, 9.2
5.5562410, 95.3151860, 9.0
5.5562425, 95.3151780, 8.7
5.5562434, 95.3151780, 9.3
5.5562449, 95.3151780, 10.2
5.5562463, 95.3151780, 11.2
5.5562472, 95.3151780, 12.2
5.5562472, 95.3151780, 13.0
5.5562472, 95.3151780, 13.5
5.5562472, 95.3151780, 14.0
5.5562472, 95.3151780, 14.3
5.5562477, 95.3151780, 14.6
5.5562472, 95.3151860, 15.0
5.5562487, 95.3151860, 15.0
5.5562596, 95.3151860, 15.1
5.5562696, 95.3151860, 15.3
5.5562754, 95.3151860, 15.4
5.5562773, 95.3151860, 15.5
5.5562773, 95.3151860, 15.4
5.5562768, 95.3151860, 15.3
5.5562773, 95.3151860, 15.7
5.5562792, 95.3151860, 15.9
5.5562873, 95.3151930, 15.9
5.5563035, 95.3152010, 16.0
5.5563107, 95.3152160, 15.2
5.5563207, 95.3152240, 16.1
5.5563321, 95.3152240, 16.8
5.5563445, 95.3152310, 16.3
5.5563579, 95.3152310, 15.9
5.5563679, 95.3152310, 15.8
5.5563798, 95.3152390, 14.8
5.5563917, 95.3152470, 15.0
5.5564046, 95.3152540, 15.2
5.5564146, 95.3152470, 15.0
5.5564246, 95.3152470, 14.2
5.5564346, 95.3152390, 14.0
5.5564446, 95.3152390, 13.9
5.5564528, 95.3152390, 13.4
5.5564637, 95.3152390, 12.4
5.5564752, 95.3152390, 11.8
5.5564876, 95.3152470, 11.4
5.5565004, 95.3152390, 11.2
5.5565124, 95.3152470, 10.8
5.5565238, 95.3152470, 10.8
5.5565343, 95.3152470, 10.8
5.5565467, 95.3152540, 10.6
5.5565557, 95.3152620, 10.8
5.5565658, 95.3152620, 10.5
5.5565772, 95.3152620, 10.1
5.5565886, 95.3152620, 10.2
5.5566001, 95.3152690, 10.6
5.5566130, 95.3152770, 10.8
5.5566235, 95.3152850, 10.9
5.5566359, 95.3152850, 11.1
5.5566478, 95.3152920, 11.1
5.5566583, 95.3153000, 11.4
5.5566683, 95.3153000, 11.4
5.5566788, 95.3153000, 11.3
5.5566897, 95.3153150, 11.0
5.5567031, 95.3153150, 11.4
5.5567150, 95.3153150, 11.5
5.5567365, 95.3153230, 11.6
5.5567484, 95.3153310, 11.6
5.5567598, 95.3153310, 11.8
5.5567741, 95.3153380, 11.6
5.5567856, 95.3153460, 12.6
5.5567975, 95.3153530, 12.7
5.5568037, 95.3153530, 12.5
5.5568075, 95.3153610, 12.4
5.5568151, 95.3153610, 12.3
5.5568271, 95.3153610, 12.1
5.5568438, 95.3153610, 12.0
5.5568585, 95.3153690, 12.5
5.5568690, 95.3153690, 13.6
5.5568829, 95.3153760, 13.5
5.5568967, 95.3153840, 13.8
5.5569091, 95.3153840, 14.6
5.5569220, 95.3153840, 14.0
5.5569344, 95.3153840, 14.0
5.5569458, 95.3153840, 13.6
5.5569563, 95.3153840, 13.5
5.5569668, 95.3153840, 13.3
5.5569801, 95.3153840, 12.9
5.5569930, 95.3153840, 12.7
5.5570049, 95.3153920, 12.9
5.5570159, 95.3153920, 13.0
5.5570283, 95.3153990, 12.8
5.5570388, 95.3153990, 12.9
5.5570488, 95.3153990, 12.2
5.5570607, 95.3153990, 11.6
5.5570736, 95.3153990, 11.0
5.5570850, 95.3154070, 10.9
5.5570965, 95.3154070, 10.8
5.5571089, 95.3154140, 10.9
5.5571227, 95.3154220, 11.2
5.5571361, 95.3154220, 11.8
5.5571499, 95.3154220, 11.8
5.5571647, 95.3154300, 11.9
5.5571775, 95.3154300, 12.6
5.5571914, 95.3154370, 12.7
5.5572176, 95.3154450, 12.7
5.5572300, 95.3154450, 13.6
5.5572433, 95.3154530, 13.3
5.5572553, 95.3154530, 13.1
5.5572686, 95.3154600, 13.1
5.5572810, 95.3154680, 14.1
5.5572944, 95.3154750, 13.8
5.5573053, 95.3154830, 14.1
5.5573153, 95.3154830, 14.6
5.5573277, 95.3154910, 14.2
5.5573397, 95.3154910, 14.2
5.5573516, 95.3154980, 13.9
5.5573635, 95.3154980, 14.3
5.5573754, 95.3155060, 14.2
5.5573864, 95.3155060, 14.4
5.5573974, 95.3155060, 14.4
5.5574079, 95.3155140, 14.1
5.5574174, 95.3155210, 14.4
5.5574284, 95.3155210, 14.2
5.5574403, 95.3155290, 14.4
5.5574512, 95.3155360, 14.4
5.5574627, 95.3155360, 14.4
5.5574722, 95.3155440, 14.1
5.5574832, 95.3155440, 13.8
5.5574951, 95.3155520, 13.9
5.5575070, 95.3155520, 14.3
5.5575190, 95.3155520, 14.3
5.5575323, 95.3155590, 14.3
5.5575442, 95.3155590, 14.5
5.5575542, 95.3155670, 14.7
5.5575671, 95.3155750, 14.5
5.5575819, 95.3155750, 14.8
5.5575933, 95.3155750, 14.8
5.5576072, 95.3155750, 14.3
5.5576205, 95.3155820, 14.3
5.5576339, 95.3155820, 14.3
5.5576487, 95.3155900, 14.2
5.5576749, 95.3156050, 14.6
5.5576878, 95.3155980, 15.1
5.5576992, 95.3156050, 14.7
5.5577102, 95.3156130, 14.5
5.5577207, 95.3156130, 14.5
5.5577345, 95.3156130, 13.9
5.5577455, 95.3156200, 14.3
5.5577602, 95.3156200, 14.7
5.5577745, 95.3156200, 15.1
5.5577879, 95.3156200, 15.1
5.5577984, 95.3156200, 15.2
5.5578094, 95.3156200, 15.1
5.5578232, 95.3156280, 15.3
5.5578351, 95.3156360, 16.2
5.5578456, 95.3156430, 16.5
5.5578570, 95.3156430, 16.8
5.5578680, 95.3156430, 16.6
5.5578790, 95.3156510, 17.1
5.5578904, 95.3156590, 17.1
5.5579023, 95.3156660, 17.9
5.5579133, 95.3156740, 18.7
5.5579243, 95.3156810, 19.5
5.5579362, 95.3156810, 19.7
5.5579467, 95.3156890, 19.5
5.5579591, 95.3156970, 19.6
5.5579715, 95.3156970, 19.7
5.5579815, 95.3156970, 19.3
5.5579920, 95.3156890, 18.8
5.5580020, 95.3156970, 18.3
5.5580106, 95.3156970, 17.9
5.5580235, 95.3156970, 17.5
5.5580382, 95.3157120, 17.8
5.5580506, 95.3157040, 18.1
5.5580654, 95.3156970, 17.9
5.5580778, 95.3156970, 17.8
5.5580883, 95.3156970, 16.7
5.5580983, 95.3156970, 16.0
5.5581079, 95.3156970, 16.0
5.5581183, 95.3156970, 15.9
5.5581379, 95.3156970, 15.5
5.5581517, 95.3157040, 15.2
5.5581651, 95.3157120, 16.0
5.5581775, 95.3157200, 16.4
5.5581903, 95.3157270, 17.2
5.5582023, 95.3157350, 16.8
5.5582123, 95.3157420, 16.9
5.5582271, 95.3157580, 17.2
5.5582409, 95.3157580, 18.4
5.5582542, 95.3157580, 18.8
5.5582633, 95.3157650, 19.0
5.5582738, 95.3157730, 18.7
5.5582843, 95.3157810, 18.4
5.5582981, 95.3157810, 18.5
5.5583134, 95.3157810, 18.5
5.5583291, 95.3157810, 18.5
5.5583434, 95.3157730, 17.3
5.5583558, 95.3157810, 16.5
5.5583696, 95.3157810, 16.5
5.5583816, 95.3157810, 17.3
5.5583935, 95.3157810, 17.5
5.5584059, 95.3157810, 17.2
5.5584192, 95.3157810, 16.6
5.5584302, 95.3157730, 16.3
5.5584407, 95.3157810, 15.7
5.5584488, 95.3157810, 15.1
5.5584612, 95.3157810, 14.7
5.5584755, 95.3157810, 15.2
5.5584879, 95.3157810, 15.8
5.5585003, 95.3157810, 16.1
5.5585146, 95.3157810, 16.1
5.5585299, 95.3157730, 15.6
5.5585423, 95.3157730, 14.9
5.5585546, 95.3157650, 14.2
5.5585656, 95.3157650, 13.3
5.5585771, 95.3157650, 12.6
5.5585909, 95.3157650, 11.9
5.5586176, 95.3157730, 11.1
5.5586295, 95.3157730, 10.8
5.5586424, 95.3157810, 10.7
5.5586538, 95.3157880, 10.7
5.5586662, 95.3157960, 11.1
5.5586801, 95.3158040, 11.7
5.5586920, 95.3158040, 12.0
5.5587039, 95.3158110, 12.4
5.5587163, 95.3158110, 12.6
5.5587263, 95.3158190, 13.0
5.5587378, 95.3158190, 12.8
5.5587492, 95.3158190, 13.1
5.5587606, 95.3158190, 13.4
5.5587697, 95.3158260, 14.7
5.5587783, 95.3158260, 14.8
5.5587907, 95.3158340, 14.3
5.5588031, 95.3158420, 14.4
5.5588150, 95.3158420, 14.6
5.5588231, 95.3158420, 14.0
5.5588350, 95.3158420, 12.4
5.5588450, 95.3158420, 12.2
5.5588570, 95.3158490, 11.9
5.5588675, 95.3158650, 12.2
5.5588799, 95.3158650, 13.0
5.5588894, 95.3158720, 13.7
5.5588984, 95.3158800, 14.3
5.5589032, 95.3158870, 14.7
5.5589132, 95.3158950, 15.2
5.5589242, 95.3158950, 15.4
5.5589361, 95.3158950, 15.7
5.5589480, 95.3158950, 16.9
5.5589609, 95.3158950, 15.9
5.5589767, 95.3158950, 14.4
5.5589886, 95.3158950, 13.7
5.5590014, 95.3158950, 12.9
5.5590119, 95.3158950, 12.8
5.5590234, 95.3158950, 13.0
5.5590343, 95.3159030, 12.5
5.5590510, 95.3159180, 11.7
5.5590634, 95.3159260, 11.1
5.5590734, 95.3159330, 11.1
5.5590854, 95.3159410, 10.9
5.5590944, 95.3159480, 11.2
5.5591044, 95.3159640, 10.7
5.5591159, 95.3159640, 10.8
5.5591245, 95.3159710, 10.4
5.5591354, 95.3159710, 9.5
5.5591464, 95.3159790, 9.2
5.5591540, 95.3159790, 8.7
5.5591617, 95.3159790, 8.1
5.5591722, 95.3159870, 7.6
5.5591841, 95.3159870, 7.4
5.5591960, 95.3159870, 7.5
5.5592070, 95.3159870, 8.0
5.5592194, 95.3159870, 8.1
5.5592284, 95.3159940, 8.3
5.5592318, 95.3160020, 8.5
5.5592322, 95.3160170, 8.2
5.5592351, 95.3160170, 7.6
5.5592351, 95.3160250, 7.5
5.5592327, 95.3160320, 7.2
5.5592284, 95.3160480, 7.0
5.5592246, 95.3160550, 6.5
5.5592194, 95.3160550, 6.4
5.5592160, 95.3160710, 6.8
5.5592151, 95.3160780, 7.6
5.5592136, 95.3160860, 8.2
5.5592113, 95.3160930, 8.0
5.5592103, 95.3160930, 8.1
5.5592051, 95.3161010, 8.2
5.5592022, 95.3161010, 8.2
5.5591989, 95.3161010, 7.9
5.5591960, 95.3161010, 7.5
5.5591955, 95.3161010, 7.2
5.5591946, 95.3161010, 6.9
5.5591931, 95.3161010, 6.7
5.5591931, 95.3161010, 6.2
5.5591917, 95.3161010, 6.1
5.5591922, 95.3161010, 6.0
5.5591931, 95.3161010, 6.1
5.5591879, 95.3161010, 5.8
5.5591812, 95.3161010, 5.3
5.5591803, 95.3160930, 5.1
5.5591779, 95.3160930, 5.2
5.5591760, 95.3160930, 5.2
5.5591726, 95.3160930, 5.4
5.5591712, 95.3160930, 5.4
5.5591698, 95.3160930, 5.3
5.5591636, 95.3160930, 5.3
5.5591598, 95.3160860, 5.2
5.5591583, 95.3160860, 4.8
5.5591607, 95.3160860, 4.6
5.5591631, 95.3160860, 4.7
5.5591631, 95.3160860, 4.8
5.5591640, 95.3160860, 4.8
5.5591655, 95.3160860, 4.7
5.5591640, 95.3160860, 4.8
5.5591626, 95.3160860, 4.8
5.5591607, 95.3160860, 4.7
5.5591602, 95.3160780, 4.6
5.5591578, 95.3160780, 4.5
5.5591574, 95.3160780, 4.4
5.5591555, 95.3160780, 4.3
5.5591545, 95.3160780, 4.2
5.5591536, 95.3160780, 4.1
5.5591540, 95.3160780, 4.1
5.5591545, 95.3160780, 3.9
5.5591536, 95.3160780, 3.9
5.5591536, 95.3160780, 3.7
5.5591545, 95.3160780, 3.7
5.5591536, 95.3160710, 3.9
5.5591555, 95.3160710, 3.8
5.5591559, 95.3160710, 4.3
5.5591574, 95.3160710, 4.5
5.5591578, 95.3160710, 5.2
5.5591578, 95.3160710, 5.8
5.5591588, 95.3160630, 6.1
5.5591598, 95.3160630, 6.6
5.5591607, 95.3160630, 7.0
5.5591621, 95.3160630, 7.6
5.5591631, 95.3160550, 8.2
5.5591640, 95.3160550, 8.6
5.5591655, 95.3160550, 9.0
5.5591674, 95.3160550, 9.5
5.5591698, 95.3160550, 10.1
5.5591717, 95.3160550, 10.9
5.5591731, 95.3160550, 11.6
5.5591755, 95.3160550, 12.4
5.5591779, 95.3160550, 13.3
5.5591803, 95.3160550, 13.9
5.5591831, 95.3160550, 14.8
5.5591841, 95.3160550, 15.5
5.5591865, 95.3160630, 15.8
5.5591879, 95.3160630, 15.6
5.5591922, 95.3160630, 15.5
5.5591917, 95.3160780, 15.7
5.5591903, 95.3160780, 13.0
5.5591898, 95.3160780, 12.3
5.5591888, 95.3160780, 11.7
5.5591903, 95.3160860, 11.1
5.5591912, 95.3160860, 11.0
5.5591917, 95.3160860, 10.9
5.5591950, 95.3160860, 10.8
5.5591979, 95.3160860, 10.9
5.5592036, 95.3160930, 11.0
5.5592103, 95.3160930, 11.5
5.5592136, 95.3160930, 12.4
5.5592160, 95.3160930, 12.4
5.5592189, 95.3160930, 12.3
5.5592217, 95.3161010, 11.9
5.5592232, 95.3161010, 11.8
5.5592217, 95.3161010, 11.8
5.5592203, 95.3160930, 11.5
5.5592198, 95.3160930, 10.8
5.5592198, 95.3160930, 10.6
5.5592194, 95.3160930, 10.4
5.5592175, 95.3160930, 10.0
5.5592170, 95.3160930, 9.7
5.5592160, 95.3160930, 9.3
5.5592151, 95.3160930, 9.0
5.5592151, 95.3160930, 8.8
5.5592151, 95.3160930, 8.7
5.5592151, 95.3160930, 8.6
5.5592155, 95.3160930, 8.3
5.5592170, 95.3161010, 8.3
5.5592175, 95.3161010, 7.7
5.5592175, 95.3161010, 7.8
5.5592184, 95.3161010, 7.7
5.5592198, 95.3161010, 7.7
5.5592203, 95.3161010, 7.5
5.5592208, 95.3161010, 7.3
5.5592232, 95.3161090, 7.2
5.5592256, 95.3161090, 7.0
5.5592275, 95.3161090, 6.7
5.5592303, 95.3161090, 6.6
5.5592322, 95.3161090, 6.7
5.5592351, 95.3161090, 6.8
5.5592375, 95.3161160, 6.9
5.5592399, 95.3161160, 6.9
5.5592408, 95.3161160, 7.0
5.5592427, 95.3161160, 7.0
5.5592442, 95.3161160, 7.2
5.5592456, 95.3161160, 7.3
5.5592475, 95.3161160, 7.4
5.5592504, 95.3161160, 7.5
5.5592527, 95.3161160, 7.6
5.5592551, 95.3161160, 7.6
5.5592561, 95.3161160, 7.8
5.5592566, 95.3161160, 7.9
5.5592575, 95.3161160, 8.1
5.5592594, 95.3161160, 8.2
5.5592608, 95.3161160, 8.2
5.5592685, 95.3161240, 8.3
5.5592713, 95.3161240, 8.2
5.5592728, 95.3161240, 8.2
5.5592747, 95.3161240, 8.4
5.5592756, 95.3161240, 8.6
5.5592771, 95.3161240, 8.7
5.5592775, 95.3161240, 8.7
5.5592785, 95.3161240, 8.7
5.5592794, 95.3161240, 8.7
5.5592809, 95.3161240, 8.7
5.5592818, 95.3161240, 8.8
5.5592833, 95.3161320, 8.8
5.5592833, 95.3161320, 8.9
5.5592833, 95.3161320, 8.9
5.5592842, 95.3161320, 9.0
5.5592847, 95.3161320, 9.0
5.5592847, 95.3161240, 9.1
5.5592842, 95.3161240, 9.1
5.5592842, 95.3161240, 9.2
5.5592837, 95.3161240, 9.3
5.5592842, 95.3161240, 9.3
5.5592866, 95.3161320, 9.4
5.5592852, 95.3161320, 9.6
5.5592852, 95.3161320, 9.8
5.5592842, 95.3161320, 10.2
5.5592833, 95.3161320, 10.4
5.5592823, 95.3161320, 10.8
5.5592799, 95.3161320, 10.9
5.5592799, 95.3161320, 11.0
5.5592799, 95.3161320, 11.3
5.5592790, 95.3161320, 11.7
5.5592785, 95.3161320, 11.9
5.5592780, 95.3161320, 12.2
5.5592790, 95.3161320, 12.5
5.5592809, 95.3161320, 12.8
5.5592828, 95.3161390, 13.1
5.5592847, 95.3161390, 13.5
5.5592904, 95.3161390, 14.3
5.5592918, 95.3161390, 14.9
5.5592918, 95.3161390, 15.3
5.5592914, 95.3161390, 15.7
5.5592914, 95.3161390, 16.2
5.5592914, 95.3161390, 16.7
5.5592918, 95.3161470, 17.2
5.5592933, 95.3161470, 17.7
5.5592947, 95.3161470, 18.3
5.5592947, 95.3161470, 18.9
5.5592937, 95.3161470, 19.3
5.5592928, 95.3161470, 19.6
5.5592961, 95.3161470, 19.9
5.5592976, 95.3161470, 20.0
5.5592985, 95.3161470, 20.0
5.5592990, 95.3161470, 20.2
5.5592985, 95.3161470, 20.2
5.5592995, 95.3161470, 20.1
5.5592980, 95.3161470, 20.1
5.5592966, 95.3161470, 20.0
5.5592947, 95.3161470, 19.6
5.5592937, 95.3161390, 19.3
5.5592933, 95.3161390, 19.2
5.5592918, 95.3161390, 19.1
5.5592918, 95.3161390, 18.9
5.5592923, 95.3161390, 18.9
5.5592933, 95.3161390, 19.2
5.5592928, 95.3161390, 19.4
5.5592875, 95.3161470, 19.6
5.5592847, 95.3161470, 21.0
5.5592775, 95.3161470, 21.9
5.5592732, 95.3161540, 22.1
5.5592704, 95.3161540, 21.4
5.5592685, 95.3161540, 21.0
5.5592651, 95.3161540, 20.8
5.5592623, 95.3161540, 20.3
5.5592613, 95.3161540, 20.0
5.5592594, 95.3161540, 19.9
5.5592580, 95.3161540, 20.1
5.5592551, 95.3161620, 18.5
5.5592527, 95.3161700, 18.2
5.5592442, 95.3161770, 18.3
5.5592408, 95.3161770, 18.3
5.5592360, 95.3161850, 17.5
5.5592327, 95.3161930, 17.3
5.5592313, 95.3162000, 17.0
5.5592294, 95.3162080, 16.7
5.5592251, 95.3162160, 16.1
5.5592217, 95.3162230, 15.5
5.5592189, 95.3162310, 15.0
5.5592155, 95.3162380, 14.6
5.5592113, 95.3162460, 14.2
5.5592079, 95.3162540, 13.7
5.5592065, 95.3162610, 13.3
5.5592027, 95.3162770, 13.5
5.5591989, 95.3162920, 13.7
5.5591974, 95.3162990, 13.8
5.5591979, 95.3163150, 13.8
5.5591974, 95.3163300, 13.8
5.5591946, 95.3163380, 13.7
5.5591903, 95.3163530, 13.3
5.5591950, 95.3163680, 12.8
5.5591989, 95.3163760, 12.4
5.5592003, 95.3163910, 12.5
5.5592008, 95.3164060, 12.3
5.5592012, 95.3164140, 12.2
5.5592008, 95.3164220, 11.4
5.5592008, 95.3164290, 10.7
5.5592017, 95.3164440, 10.4
5.5592022, 95.3164520, 10.1
5.5592017, 95.3164670, 9.9
5.5592003, 95.3164830, 9.9
5.5591969, 95.3164900, 9.8
5.5591927, 95.3164980, 10.0
5.5591898, 95.3165130, 9.8
5.5591888, 95.3165210, 9.5
5.5591874, 95.3165360, 9.3
5.5591807, 95.3165590, 9.2
5.5591764, 95.3165660, 9.2
5.5591745, 95.3165740, 9.1
5.5591722, 95.3165970, 9.5
5.5591679, 95.3166120, 9.6
5.5591664, 95.3166120, 9.8
5.5591645, 95.3166280, 9.8
5.5591631, 95.3166430, 9.7
5.5591612, 95.3166500, 10.2
5.5591578, 95.3166580, 10.5
5.5591559, 95.3166730, 10.6
5.5591526, 95.3166890, 10.7
5.5591497, 95.3166960, 10.5
5.5591488, 95.3167110, 10.2
5.5591464, 95.3167190, 9.9
5.5591426, 95.3167340, 9.9
5.5591373, 95.3167340, 10.0
5.5591350, 95.3167420, 9.7
5.5591321, 95.3167500, 8.4
5.5591283, 95.3167650, 8.5
5.5591273, 95.3167720, 7.8
5.5591249, 95.3167800, 7.6
5.5591226, 95.3167950, 7.3
5.5591192, 95.3168110, 7.6
5.5591192, 95.3168180, 7.6
5.5591183, 95.3168330, 7.4
5.5591145, 95.3168490, 7.5
5.5591106, 95.3168560, 7.6
5.5591059, 95.3168720, 7.4
5.5591002, 95.3168870, 7.1
5.5590959, 95.3168950, 6.7
5.5590930, 95.3169100, 6.7
5.5590897, 95.3169170, 6.4
5.5590878, 95.3169330, 5.9
5.5590849, 95.3169400, 6.3
5.5590811, 95.3169710, 6.2
5.5590787, 95.3169860, 6.5
5.5590758, 95.3170010, 6.8
5.5590734, 95.3170090, 7.0
5.5590711, 95.3170240, 7.2
5.5590692, 95.3170390, 7.2
5.5590677, 95.3170470, 7.4
5.5590663, 95.3170620, 7.4
5.5590634, 95.3170700, 7.3
5.5590615, 95.3170850, 6.9
5.5590615, 95.3170930, 6.8
5.5590587, 95.3171080, 6.8
5.5590553, 95.3171230, 6.7
5.5590539, 95.3171310, 6.9
5.5590529, 95.3171390, 6.8
5.5590510, 95.3171540, 7.0
5.5590496, 95.3171690, 6.9
5.5590487, 95.3171770, 7.2
5.5590491, 95.3171920, 7.3
5.5590487, 95.3172070, 7.4
5.5590487, 95.3172150, 7.3
5.5590467, 95.3172300, 7.3
5.5590477, 95.3172450, 7.4
5.5590491, 95.3172530, 7.4
5.5590515, 95.3172610, 7.6
5.5590539, 95.3172760, 7.0
5.5590563, 95.3172910, 6.6
5.5590591, 95.3172990, 6.1
5.5590601, 95.3173070, 5.7
5.5590587, 95.3173220, 5.1
5.5590568, 95.3173290, 5.5
5.5590587, 95.3173450, 5.5
5.5590572, 95.3173600, 5.1
5.5590529, 95.3173680, 5.6
5.5590487, 95.3173900, 5.2
5.5590477, 95.3173980, 4.8
5.5590482, 95.3174060, 4.7
5.5590482, 95.3174210, 4.4
5.5590515, 95.3174360, 4.4
5.5590553, 95.3174510, 4.3
5.5590587, 95.3174670, 4.9
5.5590615, 95.3174900, 5.3
5.5590625, 95.3174900, 5.6
5.5590658, 95.3175050, 5.7
5.5590701, 95.3175280, 5.7
5.5590754, 95.3175430, 6.1
5.5590801, 95.3175580, 6.7
5.5590839, 95.3175660, 6.9
5.5590882, 95.3175740, 7.1
5.5590920, 95.3175890, 7.5
5.5590935, 95.3176040, 7.7
5.5590968, 95.3176190, 8.1
5.5591011, 95.3176270, 8.4
5.5591035, 95.3176420, 8.7
5.5591054, 95.3176570, 8.9
5.5591068, 95.3176730, 9.3
5.5591125, 95.3176800, 9.5
5.5591178, 95.3176880, 9.5
5.5591226, 95.3177030, 9.6
5.5591273, 95.3177190, 9.7
5.5591297, 95.3177260, 9.8
5.5591331, 95.3177340, 10.0
5.5591326, 95.3177410, 9.8
5.5591335, 95.3177410, 9.8
5.5591331, 95.3177490, 9.7
5.5591335, 95.3177570, 9.5
5.5591345, 95.3177570, 9.4
5.5591331, 95.3177570, 9.2
5.5591331, 95.3177570, 9.7
5.5591331, 95.3177640, 9.9
5.5591326, 95.3177640, 10.1
5.5591331, 95.3177640, 10.1
5.5591340, 95.3177640, 10.0
5.5591350, 95.3177640, 9.9
5.5591354, 95.3177640, 9.7
5.5591378, 95.3177640, 9.7
5.5591431, 95.3177640, 9.7
5.5591459, 95.3177720, 9.7
5.5591521, 95.3177720, 9.6
5.5591555, 95.3177870, 9.2
5.5591593, 95.3177950, 8.7
5.5591640, 95.3178020, 8.4
5.5591693, 95.3178180, 8.2
5.5591736, 95.3178330, 8.5
5.5591798, 95.3178410, 8.0
5.5591850, 95.3178480, 8.2
5.5591936, 95.3178560, 8.5
5.5592031, 95.3178560, 8.7
5.5592127, 95.3178480, 8.2
5.5592241, 95.3178480, 8.7
5.5592346, 95.3178480, 8.6
5.5592461, 95.3178480, 8.4
5.5592561, 95.3178410, 8.0
5.5592647, 95.3178410, 7.8
5.5592747, 95.3178410, 7.5
5.5592852, 95.3178410, 7.5
5.5592937, 95.3178480, 7.7
5.5593038, 95.3178480, 7.4
5.5593152, 95.3178480, 7.1
5.5593271, 95.3178480, 7.1
5.5593390, 95.3178480, 7.1
5.5593514, 95.3178480, 7.4
5.5593629, 95.3178410, 8.0
5.5593739, 95.3178410, 7.4
5.5594006, 95.3178480, 7.6
5.5594134, 95.3178480, 7.5
5.5594273, 95.3178480, 7.2
5.5594411, 95.3178480, 6.8
5.5594554, 95.3178480, 6.6
5.5594664, 95.3178480, 6.7
5.5594783, 95.3178480, 6.8
5.5594907, 95.3178480, 6.9
5.5595026, 95.3178480, 6.8
5.5595155, 95.3178480, 6.7
5.5595279, 95.3178480, 6.7
5.5595403, 95.3178560, 6.9
5.5595512, 95.3178560, 6.9
5.5595608, 95.3178480, 6.3
5.5595722, 95.3178480, 5.7
5.5595851, 95.3178480, 5.7
5.5595975, 95.3178480, 6.0
5.5596113, 95.3178480, 5.9
5.5596251, 95.3178480, 6.0
5.5596395, 95.3178410, 6.3
5.5596509, 95.3178410, 6.3
5.5596633, 95.3178410, 6.0
5.5596757, 95.3178410, 5.9
5.5596871, 95.3178410, 6.3
5.5596995, 95.3178410, 6.4
5.5597115, 95.3178410, 6.8
5.5597224, 95.3178410, 6.6
5.5597339, 95.3178410, 6.5
5.5597448, 95.3178410, 7.0
5.5597563, 95.3178410, 6.8
5.5597668, 95.3178480, 6.6
5.5597787, 95.3178480, 6.6
5.5597897, 95.3178410, 6.4
5.5598111, 95.3178410, 7.0
5.5598226, 95.3178410, 6.4
5.5598350, 95.3178410, 5.9
5.5598483, 95.3178410, 6.1
5.5598602, 95.3178410, 6.4
5.5598717, 95.3178410, 5.6
5.5598841, 95.3178410, 5.6
5.5598960, 95.3178410, 5.3
5.5599103, 95.3178410, 5.5
5.5599246, 95.3178410, 5.9
5.5599360, 95.3178410, 6.7
5.5599475, 95.3178410, 6.9
5.5599613, 95.3178480, 7.6
5.5599747, 95.3178480, 7.9
5.5599856, 95.3178480, 7.7
5.5599961, 95.3178560, 7.8
5.5600033, 95.3178630, 8.0
5.5600142, 95.3178560, 8.0
5.5600266, 95.3178560, 8.0
5.5600390, 95.3178480, 8.0
5.5600491, 95.3178480, 8.1
5.5600591, 95.3178480, 7.9
5.5600719, 95.3178480, 7.8
5.5600834, 95.3178480, 8.3
5.5600929, 95.3178480, 8.2
5.5601015, 95.3178480, 7.9
5.5601125, 95.3178480, 7.8
5.5601230, 95.3178410, 7.3
5.5601344, 95.3178410, 7.3
5.5601435, 95.3178410, 7.7
5.5601554, 95.3178410, 7.7
5.5601664, 95.3178410, 7.6
5.5601778, 95.3178410, 7.7
5.5601883, 95.3178410, 7.8
5.5601964, 95.3178330, 8.2
5.5602131, 95.3178330, 8.4
5.5602231, 95.3178410, 8.6
5.5602317, 95.3178410, 8.9
5.5602436, 95.3178410, 8.5
5.5602541, 95.3178330, 8.5
5.5602636, 95.3178330, 8.7
5.5602751, 95.3178250, 8.2
5.5602856, 95.3178180, 8.9
5.5602970, 95.3178100, 9.0
5.5603099, 95.3178100, 9.1
5.5603199, 95.3178020, 9.3
5.5603304, 95.3178020, 9.2
5.5603395, 95.3178020, 9.6
5.5603499, 95.3177950, 9.8
5.5603628, 95.3177870, 9.8
5.5603728, 95.3177800, 10.2
5.5603848, 95.3177870, 10.1
5.5603967, 95.3177870, 10.4
5.5604043, 95.3177870, 10.7
5.5604124, 95.3177950, 11.1
5.5604200, 95.3177950, 11.5
5.5604234, 95.3178020, 11.8
5.5604262, 95.3178100, 11.9
5.5604291, 95.3178180, 11.8
5.5604320, 95.3178330, 11.5
5.5604339, 95.3178410, 11.4
5.5604362, 95.3178480, 11.2
5.5604391, 95.3178560, 11.1
5.5604415, 95.3178710, 11.8
5.5604439, 95.3178860, 11.5
5.5604463, 95.3178940, 11.6
5.5604482, 95.3179090, 11.3
5.5604496, 95.3179170, 10.8
5.5604496, 95.3179240, 10.7
5.5604501, 95.3179550, 10.3
5.5604496, 95.3179630, 10.4
5.5604506, 95.3179700, 10.1
5.5604506, 95.3179860, 9.9
5.5604515, 95.3180010, 9.8
5.5604520, 95.3180080, 9.7
5.5604510, 95.3180240, 9.7
5.5604515, 95.3180390, 9.0
5.5604520, 95.3180390, 8.9
5.5604515, 95.3180540, 8.9
5.5604525, 95.3180690, 8.9
5.5604529, 95.3180850, 8.9
5.5604539, 95.3180920, 9.3
5.5604544, 95.3181080, 9.3
5.5604548, 95.3181150, 9.1
5.5604563, 95.3181230, 8.9
5.5604568, 95.3181380, 8.9
5.5604572, 95.3181530, 9.0
5.5604572, 95.3181610, 8.9
5.5604572, 95.3181760, 9.1
5.5604568, 95.3181920, 8.8
5.5604572, 95.3181990, 8.8
5.5604572, 95.3182140, 8.7
5.5604568, 95.3182220, 8.9
5.5604587, 95.3182370, 9.0
5.5604587, 95.3182450, 8.9
5.5604591, 95.3182600, 8.9
5.5604587, 95.3182750, 8.9
5.5604553, 95.3182910, 9.1
5.5604548, 95.3182980, 8.9
5.5604553, 95.3183140, 8.9
5.5604548, 95.3183210, 8.8
5.5604534, 95.3183360, 8.7
5.5604539, 95.3183520, 8.7
5.5604544, 95.3183590, 8.7
5.5604548, 95.3183900, 8.6
5.5604539, 95.3183980, 8.6
5.5604563, 95.3184130, 8.4
5.5604582, 95.3184360, 8.2
5.5604601, 95.3184430, 7.9
5.5604610, 95.3184660, 7.7
5.5604639, 95.3184810, 7.8
5.5604644, 95.3184890, 7.9
5.5604639, 95.3185040, 7.7
5.5604644, 95.3185200, 7.4
5.5604601, 95.3185200, 7.4
5.5604558, 95.3185270, 7.0
5.5604529, 95.3185350, 6.7
5.5604491, 95.3185350, 6.6
5.5604434, 95.3185350, 6.2
5.5604348, 95.3185270, 5.4
5.5604215, 95.3185350, 5.4
5.5604115, 95.3185350, 5.4
5.5604043, 95.3185350, 6.1
5.5603967, 95.3185420, 6.2
5.5603867, 95.3185420, 7.6
5.5603805, 95.3185350, 7.9
5.5603743, 95.3185270, 8.0
5.5603676, 95.3185200, 7.7
5.5603633, 95.3185200, 7.5
5.5603600, 95.3185120, 7.1
5.5603595, 95.3185040, 7.2
5.5603585, 95.3185040, 7.3
5.5603590, 95.3185040, 7.3
5.5603595, 95.3184970, 7.6
5.5603600, 95.3184970, 8.2
5.5603600, 95.3184970, 8.7
5.5603609, 95.3184970, 8.9
5.5603600, 95.3184970, 8.9
5.5603595, 95.3184970, 8.9
5.5603595, 95.3184970, 8.8
5.5603585, 95.3184970, 9.0
5.5603576, 95.3184970, 9.1
5.5603571, 95.3184890, 9.3
5.5603571, 95.3184890, 9.5
5.5603576, 95.3184890, 9.5
5.5603585, 95.3184890, 9.6
5.5603595, 95.3184890, 9.5
5.5603595, 95.3184970, 9.4
5.5603600, 95.3184970, 9.4
5.5603604, 95.3184970, 9.4
5.5603609, 95.3184970, 9.3
5.5603619, 95.3184970, 9.2
5.5603619, 95.3184970, 9.1
5.5603614, 95.3184970, 9.1
5.5603614, 95.3184970, 9.2
5.5603614, 95.3184970, 9.0
5.5603614, 95.3184970, 8.8
5.5603609, 95.3184970, 8.7
5.5603604, 95.3184970, 8.9
5.5603604, 95.3184970, 8.7
5.5603600, 95.3184970, 8.6
5.5603600, 95.3184970, 8.5
5.5603595, 95.3184970, 8.3
5.5603595, 95.3184970, 8.1
5.5603595, 95.3184970, 8.2
5.5603595, 95.3184970, 8.1
5.5603590, 95.3185040, 8.0
5.5603590, 95.3185040, 7.9
5.5603585, 95.3185040, 7.9
5.5603576, 95.3185040, 7.9
5.5603571, 95.3185040, 7.9
5.5603571, 95.3185040, 7.9
5.5603566, 95.3185040, 7.8
5.5603566, 95.3185040, 7.7
5.5603561, 95.3185040, 7.6
5.5603557, 95.3185040, 7.7
5.5603557, 95.3185040, 7.7
5.5603557, 95.3185040, 7.8
5.5603557, 95.3185040, 7.7
5.5603557, 95.3185040, 7.6
5.5603552, 95.3185040, 7.5
5.5603557, 95.3185040, 7.4
5.5603561, 95.3185040, 7.5
5.5603566, 95.3185040, 7.6
5.5603561, 95.3185040, 7.6
5.5603566, 95.3185040, 7.7
5.5603566, 95.3185040, 7.9
5.5603561, 95.3185040, 8.2
5.5603552, 95.3185040, 8.4
5.5603552, 95.3185040, 8.6
5.5603552, 95.3185040, 8.4
5.5603552, 95.3185040, 8.4
5.5603552, 95.3185040, 8.4
5.5603552, 95.3185040, 8.5
5.5603542, 95.3185040, 8.7
5.5603542, 95.3185040, 8.8
5.5603533, 95.3185040, 8.9
5.5603523, 95.3185040, 9.0
5.5603518, 95.3185040, 9.0
5.5603514, 95.3185040, 9.2
5.5603504, 95.3185040, 9.3
5.5603504, 95.3185040, 9.3
5.5603495, 95.3185040, 9.5
5.5603490, 95.3185040, 9.6
5.5603480, 95.3185040, 9.6
5.5603471, 95.3185040, 9.6
5.5603466, 95.3185040, 9.6
5.5603456, 95.3185040, 9.7
5.5603447, 95.3185040, 9.7
5.5603447, 95.3185040, 9.8
5.5603437, 95.3185040, 9.9
5.5603428, 95.3185040, 10.0
5.5603423, 95.3185040, 10.2
5.5603418, 95.3185040, 10.3
5.5603418, 95.3185040, 10.3
5.5603418, 95.3185040, 10.4
5.5603414, 95.3185040, 10.4
5.5603418, 95.3185040, 10.5
5.5603423, 95.3185040, 10.6
5.5603428, 95.3185040, 10.6
5.5603433, 95.3184970, 10.7
5.5603437, 95.3184970, 10.8
5.5603442, 95.3184970, 10.9
5.5603447, 95.3184970, 11.0
5.5603447, 95.3184970, 11.2
5.5603447, 95.3184970, 11.2
5.5603447, 95.3184970, 11.1
5.5603447, 95.3184970, 11.0
5.5603447, 95.3184970, 11.0
5.5603447, 95.3184970, 11.0
5.5603447, 95.3184970, 10.9
5.5603442, 95.3184970, 10.8
5.5603442, 95.3184970, 10.8
5.5603437, 95.3184970, 10.8
5.5603437, 95.3184970, 10.9
5.5603433, 95.3184970, 10.7
5.5603428, 95.3184970, 10.7
5.5603423, 95.3184970, 10.7
5.5603418, 95.3184890, 10.8
5.5603414, 95.3184890, 10.9
5.5603418, 95.3184890, 11.2
5.5603418, 95.3184890, 11.3
5.5603418, 95.3184890, 11.3
5.5603423, 95.3184890, 11.4
5.5603423, 95.3184890, 11.4
5.5603423, 95.3184890, 11.4
5.5603423, 95.3184890, 11.5
5.5603423, 95.3184890, 11.5
5.5603418, 95.3184890, 11.4
5.5603418, 95.3184890, 11.3
5.5603414, 95.3184890, 11.2
5.5603414, 95.3184890, 11.1
5.5603409, 95.3184810, 11.1
5.5603404, 95.3184890, 11.0
5.5603399, 95.3184890, 10.8
5.5603399, 95.3184890, 10.7
5.5603399, 95.3184890, 10.6
5.5603395, 95.3184890, 10.5
5.5603395, 95.3184890, 10.4
5.5603395, 95.3184890, 10.2
5.5603395, 95.3184890, 10.1
5.5603395, 95.3184890, 10.1
5.5603395, 95.3184890, 10.0
5.5603375, 95.3184970, 9.9
5.5603361, 95.3184970, 10.0
5.5603356, 95.3184970, 10.0
5.5603352, 95.3185040, 9.9
5.5603337, 95.3185040, 9.7
5.5603328, 95.3185120, 9.7
5.5603337, 95.3185120, 9.9
5.5603347, 95.3185120, 10.2
5.5603352, 95.3185120, 10.5
5.5603337, 95.3185200, 10.6
5.5603323, 95.3185200, 10.7
5.5603313, 95.3185200, 10.5
5.5603294, 95.3185200, 9.9
5.5603251, 95.3185200, 9.9
5.5603170, 95.3185270, 10.0
5.5603065, 95.3185270, 10.8
5.5602951, 95.3185350, 10.4
5.5602846, 95.3185350, 10.1
5.5602732, 95.3185350, 10.3
5.5602627, 95.3185350, 10.0
5.5602527, 95.3185350, 9.6
5.5602407, 95.3185270, 10.3
5.5602288, 95.3185200, 11.0
5.5602169, 95.3185200, 11.7
5.5602055, 95.3185200, 11.9
5.5601954, 95.3185200, 12.4
5.5601864, 95.3185200, 12.3
5.5601768, 95.3185200, 12.8
5.5601640, 95.3185120, 13.9
5.5601578, 95.3185120, 14.3
5.5601501, 95.3185120, 15.4
5.5601435, 95.3185120, 15.2
5.5601311, 95.3185120, 15.9
5.5601201, 95.3185200, 15.5
5.5601125, 95.3185120, 14.0
5.5601025, 95.3185200, 13.8
5.5600905, 95.3185200, 13.4
5.5600815, 95.3185200, 13.1
5.5600743, 95.3185200, 13.1
5.5600624, 95.3185200, 13.2
5.5600486, 95.3185200, 12.4
5.5600319, 95.3185200, 12.0
5.5600166, 95.3185200, 11.9
5.5600033, 95.3185200, 12.0
5.5599899, 95.3185120, 11.7
5.5599790, 95.3185120, 11.8
5.5599570, 95.3185200, 12.0
5.5599484, 95.3185200, 11.7
5.5599375, 95.3185200, 12.3
5.5599303, 95.3185200, 12.6
5.5599222, 95.3185200, 12.5
5.5599103, 95.3185200, 12.7
5.5599036, 95.3185200, 13.1
5.5598903, 95.3185200, 12.5
5.5598803, 95.3185200, 12.4
5.5598702, 95.3185270, 12.5
5.5598593, 95.3185270, 12.5
5.5598478, 95.3185350, 12.5
5.5598330, 95.3185350, 12.2
5.5598202, 95.3185350, 11.6
5.5598068, 95.3185420, 11.3
5.5597911, 95.3185350, 11.4
5.5597749, 95.3185350, 11.4
5.5597606, 95.3185350, 11.4
5.5597463, 95.3185270, 11.4
5.5597315, 95.3185270, 11.6
5.5597205, 95.3185270, 11.3
5.5597072, 95.3185270, 11.0
5.5596986, 95.3185200, 11.4
5.5596867, 95.3185200, 11.6
5.5596776, 95.3185200, 12.3
5.5596647, 95.3185200, 12.5
5.5596557, 95.3185270, 12.8
5.5596471, 95.3185350, 12.9
5.5596385, 95.3185350, 12.9
5.5596271, 95.3185350, 12.7
5.5596170, 95.3185350, 13.4
5.5596051, 95.3185270, 13.3
5.5596051, 95.3185270, 13.3
5.5595665, 95.3185350, 12.6
5.5595503, 95.3185270, 12.0
5.5595360, 95.3185270, 12.1
5.5595241, 95.3185350, 12.0
5.5595121, 95.3185350, 11.8
5.5595007, 95.3185350, 11.6
5.5594883, 95.3185350, 11.6
5.5594792, 95.3185350, 11.4
5.5594668, 95.3185270, 11.2
5.5594535, 95.3185270, 11.2
5.5594435, 95.3185270, 11.2
5.5594344, 95.3185350, 11.2
5.5594230, 95.3185270, 11.0
5.5594177, 95.3185350, 11.0
5.5594087, 95.3185270, 10.7
5.5594001, 95.3185350, 10.2
5.5593891, 95.3185350, 9.8
5.5593781, 95.3185350, 9.9
5.5593677, 95.3185350, 10.2
5.5593538, 95.3185350, 10.6
5.5593357, 95.3185350, 10.5
5.5593181, 95.3185350, 10.4
5.5593004, 95.3185350, 10.3
5.5592833, 95.3185270, 10.4
5.5592704, 95.3185270, 10.5
5.5592575, 95.3185200, 10.8
5.5592446, 95.3185200, 10.6
5.5592351, 95.3185200, 10.6
5.5592203, 95.3185200, 10.6
5.5592065, 95.3185200, 11.0
5.5591931, 95.3185200, 11.0
5.5591846, 95.3185200, 11.0
5.5591755, 95.3185200, 11.3
5.5591650, 95.3185200, 11.6
5.5591445, 95.3185200, 12.0
5.5591326, 95.3185200, 12.2
5.5591207, 95.3185200, 12.3
5.5591130, 95.3185200, 12.6
5.5591035, 95.3185200, 13.2
5.5590935, 95.3185200, 13.5
5.5590825, 95.3185270, 13.8
5.5590711, 95.3185270, 13.9
5.5590515, 95.3185270, 14.2
5.5590353, 95.3185350, 14.4
5.5590191, 95.3185270, 14.4
5.5590038, 95.3185270, 14.9
5.5589890, 95.3185270, 14.8
5.5589752, 95.3185270, 14.6
5.5589643, 95.3185270, 14.4
5.5589495, 95.3185350, 13.9
5.5589380, 95.3185350, 14.1
5.5589261, 95.3185350, 14.3
5.5589170, 95.3185350, 14.8
5.5588989, 95.3185350, 14.7
5.5588827, 95.3185350, 14.3
5.5588703, 95.3185350, 13.7
5.5588617, 95.3185420, 13.2
5.5588531, 95.3185420, 13.0
5.5588412, 95.3185350, 13.9
5.5588269, 95.3185200, 14.3
5.5588088, 95.3185200, 15.7
5.5587883, 95.3185040, 16.8
5.5587778, 95.3184970, 16.3
5.5587640, 95.3184890, 14.8
5.5587502, 95.3184890, 13.0
5.5587358, 95.3184810, 12.3
5.5587206, 95.3184810, 12.4
5.5587082, 95.3184810, 12.2
5.5586886, 95.3184810, 11.6
5.5586786, 95.3184740, 11.6
5.5586643, 95.3184740, 11.6
5.5586557, 95.3184660, 11.6
5.5586438, 95.3184660, 12.2
5.5586343, 95.3184660, 12.2
5.5586219, 95.3184740, 12.1
5.5586114, 95.3184740, 11.9
5.5586023, 95.3184740, 12.3
5.5585914, 95.3184810, 12.8
5.5585804, 95.3184810, 12.9
5.5585670, 95.3184810, 12.5
5.5585527, 95.3184740, 12.0
5.5585384, 95.3184740, 11.6
5.5585251, 95.3184740, 11.1
5.5585079, 95.3184740, 11.1
5.5584927, 95.3184660, 11.2
5.5584807, 95.3184660, 11.2
5.5584698, 95.3184660, 11.0
5.5584574, 95.3184590, 10.8
5.5584483, 95.3184590, 10.8
5.5584402, 95.3184590, 10.6
5.5584288, 95.3184590, 10.1
5.5584173, 95.3184590, 9.7
5.5584073, 95.3184510, 9.3
5.5583959, 95.3184590, 8.9
5.5583835, 95.3184590, 8.9
5.5583768, 95.3184590, 8.4
5.5583673, 95.3184590, 9.3
5.5583553, 95.3184590, 10.3
5.5583458, 95.3184590, 9.8
5.5583305, 95.3184590, 10.9
5.5583196, 95.3184590, 11.5
5.5583115, 95.3184590, 10.8
5.5582843, 95.3184510, 11.0
5.5582666, 95.3184430, 10.6
5.5582533, 95.3184430, 10.5
5.5582418, 95.3184430, 10.3
5.5582247, 95.3184360, 10.3
5.5582104, 95.3184360, 10.7
5.5581970, 95.3184360, 10.6
5.5581846, 95.3184360, 10.5
5.5581727, 95.3184360, 9.9
5.5581598, 95.3184360, 9.2
5.5581470, 95.3184360, 8.4
5.5581398, 95.3184360, 8.8
5.5581341, 95.3184360, 9.4
5.5581217, 95.3184430, 9.5
5.5581102, 95.3184430, 7.7
5.5580997, 95.3184430, 8.1
5.5580902, 95.3184430, 8.4
5.5580792, 95.3184430, 8.7
5.5580654, 95.3184430, 9.2
5.5580506, 95.3184430, 9.0
5.5580316, 95.3184430, 9.3
5.5580134, 95.3184430, 10.4
5.5580006, 95.3184430, 11.1
5.5579953, 95.3184510, 11.5
5.5579925, 95.3184590, 10.9
5.5579906, 95.3184660, 10.9
5.5579877, 95.3184810, 10.5
5.5579834, 95.3184810, 10.0
5.5579834, 95.3184890, 9.1
5.5579834, 95.3185040, 9.2
5.5579867, 95.3185200, 8.9
5.5579896, 95.3185270, 8.9
5.5579891, 95.3185420, 9.1
5.5579867, 95.3185580, 9.0
5.5579872, 95.3185730, 9.0
5.5579863, 95.3185880, 8.6
5.5579906, 95.3185960, 8.5
5.5579958, 95.3186110, 9.0
5.5579963, 95.3186190, 9.2
5.5579991, 95.3186340, 8.9
5.5580001, 95.3186420, 8.9
5.5579982, 95.3186570, 9.0
5.5579972, 95.3186720, 9.0
5.5579987, 95.3186800, 8.9
5.5579972, 95.3186870, 8.7
5.5579944, 95.3187030, 8.3
5.5579939, 95.3187100, 7.9
5.5579829, 95.3187180, 6.9
5.5579815, 95.3187180, 5.6
5.5579815, 95.3187330, 5.0
5.5579848, 95.3187410, 4.8
5.5579863, 95.3187480, 3.4
5.5579915, 95.3187560, 2.9
5.5579948, 95.3187710, 2.0
5.5579987, 95.3187790, 1.6
5.5580010, 95.3187940, 1.2
5.5579996, 95.3188020, 1.8
5.5579934, 95.3188170, 1.7
5.5579920, 95.3188320, 1.4
5.5579929, 95.3188400, 0.9
5.5579910, 95.3188550, 1.4
5.5579886, 95.3188710, 1.2
5.5579896, 95.3188780, 1.4
5.5579863, 95.3188860, 1.5
5.5579834, 95.3189010, 1.3
5.5579791, 95.3189090, 0.8
5.5579762, 95.3189160, 1.1
5.5579858, 95.3189470, 2.0
5.5579910, 95.3189540, 1.3
5.5579877, 95.3189620, 1.5
5.5579801, 95.3189770, 1.4
5.5579748, 95.3189850, 2.7
5.5579715, 95.3189930, 3.3
5.5579672, 95.3190000, 4.5
5.5579591, 95.3190230, 5.3
5.5579538, 95.3190380, 6.2
5.5579467, 95.3190380, 6.7
5.5579429, 95.3190540, 6.9
5.5579352, 95.3190690, 7.0
5.5579262, 95.3190770, 6.7
5.5579166, 95.3190920, 7.1
5.5579095, 95.3190990, 7.4
5.5579028, 95.3191150, 7.6
5.5578966, 95.3191150, 7.5
5.5578885, 95.3191220, 7.2
5.5578771, 95.3191300, 7.1
5.5578709, 95.3191300, 7.1
5.5578690, 95.3191300, 6.8
5.5578675, 95.3191300, 6.7
5.5578666, 95.3191300, 6.9
5.5578666, 95.3191300, 7.1
5.5578651, 95.3191300, 6.9
5.5578661, 95.3191300, 7.1
5.5578671, 95.3191300, 7.0
5.5578675, 95.3191300, 6.6
5.5578694, 95.3191300, 5.9
5.5578704, 95.3191300, 5.9
5.5578723, 95.3191300, 5.8
5.5578728, 95.3191300, 5.8
5.5578752, 95.3191300, 5.6
5.5578766, 95.3191300, 5.2
5.5578799, 95.3191300, 5.1
5.5578814, 95.3191300, 5.2
5.5578823, 95.3191300, 5.4
5.5578833, 95.3191300, 5.3
5.5578847, 95.3191300, 5.1
5.5578847, 95.3191300, 4.6
5.5578852, 95.3191300, 4.4
5.5578856, 95.3191300, 4.1
5.5578861, 95.3191300, 4.4
5.5578866, 95.3191300, 4.4
5.5578871, 95.3191380, 4.7
5.5578871, 95.3191380, 5.2
5.5578876, 95.3191380, 5.4
5.5578880, 95.3191380, 5.7
5.5578880, 95.3191380, 6.2
5.5578885, 95.3191380, 6.5
5.5578880, 95.3191450, 6.6
5.5578880, 95.3191450, 6.9
5.5578890, 95.3191450, 7.2
5.5578890, 95.3191450, 7.5
5.5578885, 95.3191450, 7.8
5.5578885, 95.3191450, 7.8
5.5578885, 95.3191450, 7.9
5.5578885, 95.3191530, 7.9
5.5578890, 95.3191530, 8.0
5.5578895, 95.3191530, 8.3
5.5578904, 95.3191530, 8.7
5.5578918, 95.3191530, 9.2
5.5578918, 95.3191530, 10.0
5.5578928, 95.3191530, 10.5
5.5578928, 95.3191530, 11.1
5.5578923, 95.3191530, 11.5
5.5578918, 95.3191600, 11.3
5.5578918, 95.3191600, 11.5
5.5578918, 95.3191600, 12.1
5.5578923, 95.3191600, 12.6
5.5578918, 95.3191600, 12.8
5.5578918, 95.3191600, 13.0
5.5578923, 95.3191600, 13.5
5.5578928, 95.3191600, 14.0
5.5578928, 95.3191600, 14.1
5.5578928, 95.3191600, 14.4
5.5578928, 95.3191600, 14.6
5.5578933, 95.3191600, 15.0
5.5578928, 95.3191600, 15.2
5.5578928, 95.3191600, 15.4
5.5578928, 95.3191600, 15.8
5.5578923, 95.3191600, 16.1
5.5578928, 95.3191680, 16.6
5.5578923, 95.3191680, 17.4
5.5578918, 95.3191680, 17.9
5.5578918, 95.3191680, 18.5
5.5578923, 95.3191600, 19.2
5.5578923, 95.3191600, 19.9
5.5578928, 95.3191600, 20.1
5.5578938, 95.3191530, 21.3
5.5578942, 95.3191600, 22.8
5.5578938, 95.3191600, 23.2
5.5578938, 95.3191600, 23.2
5.5578942, 95.3191600, 23.3
5.5578942, 95.3191600, 23.4
5.5578947, 95.3191600, 23.6
5.5578961, 95.3191600, 23.8
5.5578961, 95.3191530, 23.7
5.5578966, 95.3191530, 23.6
5.5578971, 95.3191530, 23.8
5.5578971, 95.3191530, 24.0
5.5578976, 95.3191530, 24.1
5.5578980, 95.3191530, 24.4
5.5578985, 95.3191450, 24.6
5.5578985, 95.3191450, 24.7
5.5578985, 95.3191450, 24.3
5.5578990, 95.3191450, 23.8
5.5578990, 95.3191450, 23.6
5.5578985, 95.3191380, 23.7
5.5578980, 95.3191380, 23.4
5.5578985, 95.3191380, 23.7
5.5578985, 95.3191380, 23.6
5.5578980, 95.3191380, 23.5
5.5578985, 95.3191300, 23.6
5.5578971, 95.3191300, 23.7
5.5578971, 95.3191300, 23.3
5.5578966, 95.3191300, 23.5
5.5578957, 95.3191300, 23.7
5.5578952, 95.3191300, 23.4
5.5578942, 95.3191300, 23.3
5.5578938, 95.3191300, 23.2
5.5578933, 95.3191300, 23.3
5.5578918, 95.3191220, 23.1
5.5578914, 95.3191220, 23.1
5.5578909, 95.3191220, 23.3
5.5578890, 95.3191220, 23.5
5.5578880, 95.3191220, 23.0
5.5578871, 95.3191220, 22.8
5.5578866, 95.3191220, 22.5
5.5578856, 95.3191150, 22.4
5.5578856, 95.3191150, 22.3
5.5578847, 95.3191150, 22.3
5.5578842, 95.3191150, 21.8
5.5578837, 95.3191150, 21.4
5.5578837, 95.3191150, 21.2
5.5578833, 95.3191150, 21.3
5.5578818, 95.3191220, 21.0
5.5578818, 95.3191220, 21.0
5.5578823, 95.3191220, 21.0
5.5578833, 95.3191220, 20.8
5.5578842, 95.3191150, 20.5
5.5578847, 95.3191150, 20.8
5.5578852, 95.3191150, 20.6
5.5578842, 95.3191220, 20.8
5.5578842, 95.3191220, 19.0
5.5578842, 95.3191220, 18.8
5.5578847, 95.3191220, 18.8
5.5578847, 95.3191220, 18.6
5.5578856, 95.3191220, 18.1
5.5578871, 95.3191220, 17.8
5.5578890, 95.3191220, 17.7
5.5578909, 95.3191220, 17.8
5.5578861, 95.3191150, 17.6
5.5578785, 95.3191150, 16.8
5.5578680, 95.3191150, 16.5
5.5578570, 95.3191070, 16.0
5.5578432, 95.3191150, 15.2
5.5578365, 95.3191150, 13.9
5.5578270, 95.3191150, 13.4
5.5578198, 95.3191150, 13.6
5.5578089, 95.3191150, 14.1
5.5577970, 95.3191150, 14.9
5.5577850, 95.3191150, 14.3
5.5577731, 95.3191150, 14.3
5.5577607, 95.3191150, 15.1
5.5577502, 95.3191150, 15.6
5.5577331, 95.3191150, 15.7
5.5577173, 95.3191150, 15.9
5.5577016, 95.3191150, 16.0
5.5576859, 95.3191150, 15.6
5.5576758, 95.3191150, 17.2
5.5576544, 95.3191220, 19.1
5.5576439, 95.3191300, 19.0
5.5576339, 95.3191450, 19.1
5.5576234, 95.3191530, 18.4
5.5576181, 95.3191680, 17.3
5.5576138, 95.3191760, 16.6
5.5576105, 95.3191910, 15.8
5.5576067, 95.3191990, 15.9
5.5576038, 95.3192140, 15.3
5.5576024, 95.3192290, 15.1
5.5576015, 95.3192370, 15.0
5.5576010, 95.3192520, 14.6
5.5576000, 95.3192670, 13.2
5.5575991, 95.3192750, 12.6
5.5575962, 95.3192900, 12.4
5.5575914, 95.3193050, 12.0
5.5575871, 95.3193130, 11.9
5.5575857, 95.3193280, 11.9
5.5575843, 95.3193510, 11.5
5.5575824, 95.3193590, 11.9
5.5575805, 95.3193740, 12.0
5.5575776, 95.3193820, 11.9
5.5575709, 95.3193890, 11.8
5.5575643, 95.3194050, 11.5
5.5575595, 95.3194120, 10.8
5.5575552, 95.3194270, 10.3
5.5575528, 95.3194350, 10.1
5.5575495, 95.3194430, 10.0
5.5575438, 95.3194500, 9.8
5.5575361, 95.3194660, 9.7
5.5575294, 95.3194730, 10.3
5.5575209, 95.3194810, 10.8
5.5575137, 95.3194890, 10.9
5.5575109, 95.3194960, 10.9
5.5574961, 95.3195110, 11.2
5.5574861, 95.3195190, 11.5
5.5574775, 95.3195340, 12.0
5.5574694, 95.3195420, 12.2
5.5574598, 95.3195500, 12.0
5.5574508, 95.3195570, 11.9
5.5574427, 95.3195650, 11.7
5.5574350, 95.3195800, 12.0
5.5574265, 95.3195880, 12.2
5.5574179, 95.3195950, 12.3
5.5574093, 95.3196030, 12.5
5.5574031, 95.3196110, 12.9
5.5573969, 95.3196180, 13.8
5.5573888, 95.3196260, 14.9
5.5573826, 95.3196330, 15.2
5.5573750, 95.3196410, 15.8
5.5573683, 95.3196490, 16.2
5.5573630, 95.3196560, 16.9
5.5573578, 95.3196720, 17.4
5.5573511, 95.3196790, 17.7
5.5573444, 95.3196870, 18.1
5.5573382, 95.3197020, 18.4
5.5573306, 95.3197100, 18.8
5.5573230, 95.3197170, 18.8
5.5573153, 95.3197250, 18.8
5.5573068, 95.3197400, 19.4
5.5573006, 95.3197480, 19.7
5.5572939, 95.3197560, 20.1
5.5572863, 95.3197630, 20.0
5.5572810, 95.3197780, 20.6
5.5572758, 95.3197940, 20.9
5.5572691, 95.3197940, 22.1
5.5572600, 95.3198090, 23.1
5.5572515, 95.3198240, 23.5
5.5572343, 95.3198470, 24.2
5.5572271, 95.3198620, 24.4
5.5572224, 95.3198700, 24.4
5.5572162, 95.3198850, 25.0
5.5572104, 95.3198930, 25.6
5.5572038, 95.3199080, 25.7
5.5571971, 95.3199160, 26.0
5.5571885, 95.3199310, 26.2
5.5571795, 95.3199460, 26.5
5.5571713, 95.3199460, 26.8
5.5571628, 95.3199620, 27.3
5.5571542, 95.3199770, 27.4
5.5571451, 95.3199920, 27.9
5.5571365, 95.3200000, 28.6
5.5571275, 95.3200150, 29.5
5.5571194, 95.3200230, 30.2
5.5571113, 95.3200300, 30.9
5.5571051, 95.3200450, 31.4
5.5571003, 95.3200610, 32.2
5.5570955, 95.3200680, 32.6
5.5570912, 95.3200840, 32.7
5.5570860, 95.3200910, 33.1
5.5570788, 95.3201070, 33.6
5.5570731, 95.3201140, 34.0
5.5570688, 95.3201220, 34.2
5.5570631, 95.3201370, 34.4
5.5570550, 95.3201450, 35.3
5.5570469, 95.3201600, 35.7
5.5570397, 95.3201750, 36.0
5.5570312, 95.3201900, 36.1
5.5570226, 95.3201980, 36.5
5.5570135, 95.3202130, 36.8
5.5570045, 95.3202210, 36.9
5.5569954, 95.3202290, 37.3
5.5569830, 95.3202510, 38.1
5.5569754, 95.3202670, 38.2
5.5569663, 95.3202740, 38.2
5.5569587, 95.3202900, 38.8
5.5569520, 95.3202970, 38.9
5.5569439, 95.3203050, 38.9
5.5569363, 95.3203130, 39.0
5.5569286, 95.3203280, 39.3
5.5569205, 95.3203350, 40.0
5.5569115, 95.3203430, 40.2
5.5569034, 95.3203580, 40.3
5.5568967, 95.3203740, 40.7
5.5568905, 95.3203890, 41.1
5.5568838, 95.3203890, 41.6
5.5568757, 95.3204040, 41.9
5.5568681, 95.3204120, 42.6
5.5568633, 95.3204270, 42.6
5.5568581, 95.3204270, 43.0
5.5568519, 95.3204420, 43.0
5.5568447, 95.3204570, 43.3
5.5568385, 95.3204650, 43.6
5.5568318, 95.3204730, 43.6
5.5568275, 95.3204880, 44.4
5.5568199, 95.3204960, 44.7
5.5568132, 95.3205030, 44.5
5.5568070, 95.3205110, 44.6
5.5567999, 95.3205180, 44.6
5.5567923, 95.3205340, 44.6
5.5567846, 95.3205410, 44.6
5.5567775, 95.3205490, 44.8
5.5567708, 95.3205570, 44.5
5.5567636, 95.3205720, 44.7
5.5567575, 95.3205870, 44.9
5.5567527, 95.3205870, 44.8
5.5567360, 95.3206100, 44.3
5.5567307, 95.3206250, 44.2
5.5567217, 95.3206250, 44.3
5.5567131, 95.3206410, 43.9
5.5567055, 95.3206560, 43.9
5.5566988, 95.3206630, 43.9
5.5566893, 95.3206630, 43.9
5.5566807, 95.3206790, 43.5
5.5566726, 95.3206860, 43.6
5.5566664, 95.3206940, 43.0
5.5566607, 95.3207020, 43.3
5.5566545, 95.3207090, 43.3
5.5566478, 95.3207170, 43.3
5.5566392, 95.3207320, 43.3
5.5566311, 95.3207400, 43.3
5.5566258, 95.3207470, 43.0
5.5566201, 95.3207630, 43.0
5.5566144, 95.3207700, 42.9
5.5566087, 95.3207860, 42.6
5.5566030, 95.3207930, 42.0
5.5565958, 95.3208080, 42.1
5.5565896, 95.3208240, 41.9
5.5565848, 95.3208310, 41.5
5.5565786, 95.3208390, 41.1
5.5565715, 95.3208540, 40.9
5.5565658, 95.3208620, 40.6
5.5565591, 95.3208690, 40.4
5.5565519, 95.3208850, 40.0
5.5565453, 95.3208920, 39.8
5.5565391, 95.3209000, 39.7
5.5565314, 95.3209150, 39.7
5.5565228, 95.3209230, 39.6
5.5565147, 95.3209380, 39.7
5.5565104, 95.3209380, 39.7
5.5564976, 95.3209610, 39.5
5.5564919, 95.3209690, 39.3
5.5564847, 95.3209760, 39.5
5.5564771, 95.3209840, 39.4
5.5564704, 95.3209920, 39.1
5.5564642, 95.3209990, 38.9
5.5564570, 95.3210140, 38.8
5.5564523, 95.3210220, 38.3
5.5564442, 95.3210370, 38.4
5.5564361, 95.3210450, 38.0
5.5564284, 95.3210600, 37.8
5.5564213, 95.3210600, 37.8
5.5564146, 95.3210750, 37.4
5.5564094, 95.3210830, 37.1
5.5564027, 95.3210980, 36.5
5.5563951, 95.3211060, 36.2
5.5563889, 95.3211210, 35.9
5.5563841, 95.3211360, 35.5
5.5563822, 95.3211440, 35.0
5.5563784, 95.3211440, 34.2
5.5563760, 95.3211520, 33.6
5.5563707, 95.3211590, 33.0
5.5563669, 95.3211670, 32.6
5.5563631, 95.3211820, 31.9
5.5563593, 95.3211820, 31.3
5.5563555, 95.3211980, 30.3
5.5563493, 95.3212050, 29.4
5.5563440, 95.3212200, 28.2
5.5563393, 95.3212360, 27.4
5.5563369, 95.3212510, 26.6
5.5563331, 95.3212590, 26.0
5.5563321, 95.3212660, 25.1
5.5563269, 95.3212810, 24.5
5.5563221, 95.3212970, 23.3
5.5563178, 95.3213270, 21.6
5.5563159, 95.3213420, 20.8
5.5563130, 95.3213500, 20.6
5.5563121, 95.3213650, 20.2
5.5563135, 95.3213810, 20.1
5.5563159, 95.3213960, 19.8
5.5563183, 95.3214110, 19.7
5.5563202, 95.3214190, 19.1
5.5563216, 95.3214420, 18.6
5.5563250, 95.3214570, 18.0
5.5563278, 95.3214650, 17.4
5.5563326, 95.3214800, 17.4
5.5563416, 95.3214950, 17.5
5.5563502, 95.3215030, 18.1
5.5563593, 95.3215180, 17.4
5.5563679, 95.3215260, 17.3
5.5563755, 95.3215410, 17.3
5.5563874, 95.3215410, 17.8
5.5563989, 95.3215480, 18.3
5.5564079, 95.3215560, 18.4
5.5564151, 95.3215640, 18.5
5.5564170, 95.3215640, 18.8
5.5564137, 95.3215710, 18.9
5.5564065, 95.3215710, 18.7
5.5563979, 95.3215790, 18.4
5.5563908, 95.3215940, 18.2
5.5563860, 95.3216090, 17.9
5.5563807, 95.3216170, 17.6
5.5563755, 95.3216320, 17.8
5.5563669, 95.3216480, 18.0
5.5563574, 95.3216550, 18.5
5.5563478, 95.3216550, 18.5
5.5563397, 95.3216630, 18.4
5.5563202, 95.3216930, 18.4
5.5563116, 95.3217010, 18.3
5.5563049, 95.3217160, 18.3
5.5563025, 95.3217390, 18.3
5.5563016, 95.3217390, 17.9
5.5562987, 95.3217540, 17.2
5.5562959, 95.3217770, 17.1
5.5562954, 95.3217930, 17.2
5.5562930, 95.3217930, 17.5
5.5562844, 95.3218080, 17.6
5.5562758, 95.3218150, 18.0
5.5562696, 95.3218310, 18.0
5.5562649, 95.3218460, 18.2
5.5562577, 95.3218540, 18.2
5.5562510, 95.3218690, 18.2
5.5562468, 95.3218920, 18.1
5.5562434, 95.3218990, 18.4
5.5562439, 95.3219150, 18.2
5.5562406, 95.3219300, 18.4
5.5562367, 95.3219380, 18.8
5.5562348, 95.3219530, 18.9
5.5562315, 95.3219680, 19.4
5.5562258, 95.3219760, 19.6
5.5562210, 95.3219830, 19.6
5.5562191, 95.3219910, 19.6
5.5562186, 95.3219990, 19.5
5.5562162, 95.3220140, 19.5
5.5562115, 95.3220140, 19.0
5.5562038, 95.3220140, 18.7
5.5562024, 95.3220140, 18.0
5.5562010, 95.3220140, 17.7
5.5561991, 95.3220140, 17.3
5.5561986, 95.3220140, 17.6
5.5561967, 95.3220140, 17.5
5.5561953, 95.3220140, 17.2
5.5561943, 95.3220140, 17.2
5.5561943, 95.3220140, 16.9
5.5561938, 95.3220140, 16.6
5.5561929, 95.3220140, 16.4
5.5561924, 95.3220140, 16.2
5.5561914, 95.3220140, 16.1
5.5561914, 95.3220140, 16.0
5.5561910, 95.3220140, 15.9
5.5561905, 95.3220140, 15.8
5.5561905, 95.3220140, 15.7
5.5561900, 95.3220140, 15.7
5.5561905, 95.3220140, 15.6
5.5561905, 95.3220140, 15.6
5.5561905, 95.3220140, 15.5
5.5561910, 95.3220140, 15.4
5.5561905, 95.3220140, 15.4
5.5561905, 95.3220140, 15.2
5.5561905, 95.3220140, 15.0
5.5561905, 95.3220140, 14.9
5.5561905, 95.3220140, 14.7
5.5561900, 95.3220140, 14.6
5.5561891, 95.3220060, 14.6
5.5561881, 95.3220060, 15.0
5.5561867, 95.3220060, 15.3
5.5561848, 95.3220060, 15.7
5.5561838, 95.3220060, 16.1
5.5561829, 95.3220060, 16.3
5.5561814, 95.3220140, 16.7
5.5561814, 95.3220140, 16.9
5.5561805, 95.3220140, 17.1
5.5561795, 95.3220140, 17.3
5.5561790, 95.3220140, 17.4
5.5561790, 95.3220140, 17.5
5.5561790, 95.3220140, 17.6
5.5561790, 95.3220140, 17.7
5.5561790, 95.3220140, 17.7
5.5561795, 95.3220060, 17.6
5.5561795, 95.3220060, 17.6
5.5561790, 95.3220060, 17.6
5.5561790, 95.3220060, 17.6
5.5561790, 95.3220060, 17.4
5.5561790, 95.3220140, 17.2
5.5561790, 95.3220140, 17.0
5.5561790, 95.3220140, 16.8
5.5561790, 95.3220140, 16.6
5.5561790, 95.3220140, 16.4
5.5561790, 95.3220140, 16.2
5.5561790, 95.3220140, 16.0
5.5561795, 95.3220140, 15.8
5.5561795, 95.3220140, 15.7
5.5561790, 95.3220140, 15.6
5.5561790, 95.3220140, 15.6
5.5561790, 95.3220140, 15.5
5.5561786, 95.3220140, 15.4
5.5561776, 95.3220140, 15.4
5.5561776, 95.3220140, 15.4
5.5561767, 95.3220140, 15.4
5.5561767, 95.3220140, 15.4
5.5561762, 95.3220140, 15.5
5.5561752, 95.3220140, 15.5
5.5561743, 95.3220140, 15.5
5.5561738, 95.3220140, 15.4
5.5561728, 95.3220140, 15.4
5.5561724, 95.3220140, 15.3
5.5561719, 95.3220140, 15.3
5.5561714, 95.3220060, 15.3
5.5561705, 95.3220060, 15.2
5.5561695, 95.3220060, 15.2
5.5561695, 95.3220060, 15.2
5.5561695, 95.3220060, 15.1
5.5561695, 95.3220060, 15.1
5.5561695, 95.3219990, 15.0
5.5561695, 95.3219990, 15.0
5.5561690, 95.3219990, 15.0
5.5561690, 95.3219990, 14.9
5.5561695, 95.3219990, 14.8
5.5561695, 95.3219990, 14.7
5.5561695, 95.3219990, 14.6
5.5561705, 95.3219990, 14.5
5.5561705, 95.3220060, 14.4
5.5561709, 95.3220060, 14.1
5.5561719, 95.3220060, 14.0
5.5561719, 95.3220060, 14.0
5.5561724, 95.3220060, 13.9
5.5561728, 95.3220060, 13.8
5.5561738, 95.3220140, 13.7
5.5561743, 95.3220140, 13.6
5.5561752, 95.3220140, 13.4
5.5561757, 95.3220140, 13.2
5.5561767, 95.3220140, 13.1
5.5561767, 95.3220140, 13.0
5.5561776, 95.3220140, 13.0
5.5561781, 95.3220140, 12.8
5.5561790, 95.3220140, 12.7
5.5561790, 95.3220140, 12.8
5.5561790, 95.3220140, 12.5
5.5561790, 95.3220140, 12.5
5.5561790, 95.3220140, 12.6
5.5561790, 95.3220140, 12.6
5.5561786, 95.3220140, 12.6
5.5561781, 95.3220210, 12.3
5.5561776, 95.3220210, 12.2
5.5561776, 95.3220210, 12.3
5.5561776, 95.3220210, 12.4
5.5561790, 95.3220290, 12.6
5.5561824, 95.3220370, 12.4
5.5561848, 95.3220440, 12.2
5.5561867, 95.3220440, 12.2
5.5561867, 95.3220440, 11.8
5.5561867, 95.3220440, 11.6
5.5561876, 95.3220520, 11.3
5.5561891, 95.3220520, 11.2
5.5561910, 95.3220440, 10.9
5.5561914, 95.3220440, 10.2
5.5561905, 95.3220440, 10.0
5.5561905, 95.3220440, 9.6
5.5561914, 95.3220440, 9.4
5.5561929, 95.3220520, 9.3
5.5561924, 95.3220520, 9.3
5.5561914, 95.3220520, 9.2
5.5561895, 95.3220520, 9.1
